Slot Number,Slot ID,Check-In Status,Check-In Time,Registration ID,Team Name,Status,Team Size,Domain Track,Leader Name,Mobile Number,Email ID,Leader Food Choice,Leader Attendance Mode,Day Scholars Count,Veg Day Scholars,Non-Veg Day Scholars,Teammates Names,Member 2 Name,Member 3 Name,Member 4 Name,Member 5 Name,Member 6 Name,Member 7 Name,Client IP,Client Device,Network / ISP,Client Location,Registration Date
"Slot #48","IN8-2026-SLOT48","Checked In","9/30/2026, 12:01:53 PM","IN8-2026-167389","MUSKITEERS","Approved","5","Software","SOHEL BAGWAN","8902200751","bagwansohel8910@gmail.com","Vegetarian","Day Scholar","5","5","0","ANAS ALI, FAISAL PARWAZ ANSARI, SAFWAN ALAM, ROCHIT MUKHERJEE","ANAS ALI","FAISAL PARWAZ ANSARI","SAFWAN ALAM","ROCHIT MUKHERJEE","","","2409:40e0:a:1ae9:fcc8:ce71:69b:8be0","Desktop (macOS • Chrome 151) [1280x800]","Reliance Jio Infocomm Limited","Kolkata, West Bengal, India","9/27/2026, 11:20:52 PM"
"Slot #43","IN8-2026-SLOT43","Checked In","9/30/2026, 1:25:34 PM","IN8-2026-103769","the warriors 0.3","Approved","6","Software","Shreya Prasad Varma","9230243829","shreyavarma1120@gmail.com","Vegetarian","Day Scholar","6","2","4","Sarita Kumari Sah, Bishal Kumar Singh, subas kr nayak, Ankit Pramanick, Zeedan SK","Sarita Kumari Sah","Bishal Kumar Singh","subas kr nayak","Ankit Pramanick","Zeedan SK","","47.30.53.116","Desktop (Windows 10/11 • Chrome 153) [1920x1080]","Reliance Jio Infocomm Limited","Kolkata, West Bengal, India","9/27/2026, 11:20:38 PM"
"Slot #47","IN8-2026-SLOT47","Checked In","9/30/2026, 1:25:35 PM","IN8-2026-649492","The Friday Deploys","Approved","6","Software","Sourav Singh","90887 60105","souravsingh9847@gmail.com","Non-Veg","Day Scholar","5","0","5","Arindam Halder, Bhumika Das, Pankaj Mondal, Pranjal Das Sharma, Mahammad Imran khan","Arindam Halder","Bhumika Das","Pankaj Mondal","Pranjal Das Sharma","Mahammad Imran khan","","45.250.50.85","Desktop (Windows 10/11 • Edge 153) [1280x800]","WISH NET PRIVATE LIMITED","Kolkata, West Bengal, India","9/25/2026, 8:26:20 PM"
"Slot #46","IN8-2026-SLOT46","Checked In","9/30/2026, 1:25:36 PM","IN8-2026-217815","else:win","Approved","5","Software","Sayan Deyashi","9330854496","deyashisayan2@gmail.com","Non-Veg","Day Scholar","5","1","4","Sudip Pramanick, Subhamita Mondal, Shadma yunus, Soumyajit Kumbhakar","Sudip Pramanick","Subhamita Mondal","Shadma yunus","Soumyajit Kumbhakar","","","103.250.108.180","Mobile (Android 10 • Chrome 153) [360x772]","NIXI","Kolkata, West Bengal, India","9/24/2026, 10:41:23 PM"
"Slot #45","IN8-2026-SLOT45","Checked In","9/30/2026, 1:25:39 PM","IN8-2026-709111","Syntax error","Approved","5","Software","Preet Kamal Tiwari","9330406549","ptiwari2623@gmail.com","Veg","Day Scholar","5","3","2","Yuvraj Gupta, Niraj kumar, Taking Gyadi, Bapan Das","Yuvraj Gupta","Niraj kumar","Taking Gyadi","Bapan Das","","","2405:201:801c:8919:d4f3:20fd:36d3:d5a1","Desktop (Windows 10/11 • Chrome 154) [1366x768]","Reliance Jio Infocomm Limited","Kolkata, West Bengal, India","9/24/2026, 10:00:07 PM"
"Slot #44","IN8-2026-SLOT44","Checked In","9/30/2026, 1:25:39 PM","IN8-2026-703560","Pro Coderr049","Approved","5","Software","MD SAMIR KHAN","9199865226","khansameer44801@gmail.com","Non-Veg","Hosteller","0","0","0","MD AMBER REHAN, MD DANISH IQBAL, MD ABDULLAH ANSARI, MD CHAND ALAM","MD AMBER REHAN","MD DANISH IQBAL","MD ABDULLAH ANSARI","MD CHAND ALAM","","","2401:4900:b6e4:619f:9862:26ff:fe66:5838","Mobile (Android 10 • Chrome 152) [393x870]","Bharti Airtel Limited","Kolkata, West Bengal, India","9/24/2026, 7:36:38 PM"
"Slot #42","IN8-2026-SLOT42","Checked In","9/30/2026, 1:25:32 PM","IN8-2026-898346","LOGICLOOT","Approved","6","Software","Gitanjali","7352642330","geetanjali4328jha@gmail.com","Vegetarian","Hosteller","1","0","1","Rahul Kumar Jha, Shivam Kumar, Arman Hussain, Anushka Das, Yash Subh Raj","Rahul Kumar Jha","Shivam Kumar","Arman Hussain","Anushka Das","Yash Subh Raj","","2409:40e0:9:5dfe:427:23ff:fed0:664e","Mobile (Android 10 • Chrome 153) [424x946]","Reliance Jio Infocomm Limited","Kolkata, West Bengal, India","9/24/2026, 6:28:11 PM"
"Slot #8","IN8-2026-SLOT08","Checked In","9/30/2026, 12:07:37 PM","IN8-2026-036533","Code Nodes","Approved","6","Software","Manas Ranjan Mohanty","7439757120","manasranjanmohanty579@gmail.com","Vegetarian","Day Scholar","5","2","3","Manish Hazari, Ishan Sharma, Asish Singh, Ali Zoya, Chandan Shaw","Manish Hazari","Ishan Sharma","Asish Singh","Ali Zoya","Chandan Shaw","","2405:201:8017:899c:a5a2:750c:d20e:3a5e","Mobile (Android 10 • Chrome 153) [384x857]","Reliance Jio Infocomm Limited","Kolkata, West Bengal, India","9/24/2026, 5:15:31 PM"
"Slot #5","IN8-2026-SLOT05","Checked In","9/30/2026, 12:06:22 PM","IN8-2026-158160","HackHive","Approved","5","Software","Tanmoy Paul","9749335286","hare55262@gmail.com","Non-Veg","Day Scholar","5","0","5","Bapan Ghosh, Anshumita Poyrah, Suresh Samanta, Suman Kumdu","Bapan Ghosh","Anshumita Poyrah","Suresh Samanta","Suman Kumdu","","","2409:40e0:102e:3ea:8000::","Mobile (Android 10 • Chrome 153) [360x800]","Reliance Jio Infocomm Limited","Kolkata, West Bengal, India","9/24/2026, 4:01:22 PM"
"Slot #41","IN8-2026-SLOT41","Checked In","9/30/2026, 1:25:28 PM","IN8-2026-898115","FUTURE TECH LEADERS","Approved","5","Software","Hiten Kumar Walecha","9674557985","vkwalecha@gmail.com","Non-Veg","Day Scholar","3","0","3","Aman Gupta, Nandani Gupta, Roshni Sharma, Mithun Mukhiya","Aman Gupta","Nandani Gupta","Roshni Sharma","Mithun Mukhiya","","","2401:4900:b6dc:19d4:c4cb:2bbc:46b6:c083","Desktop (Windows 10/11 • Edge 153) [1536x864]","Bharti Airtel Limited","Kolkata, West Bengal, India","9/24/2026, 12:52:39 PM"
"Slot #40","IN8-2026-SLOT40","Checked In","9/30/2026, 1:25:31 PM","IN8-2026-827256","CodeBlooded","Approved","6","Software","Bhaskar Ghosh","9641584703","bhaskarghoshbg15@gmail.com","Non-Veg","Hosteller","1","0","1","Anish Biswas, Arka Halder, Vishnu kumar, Titli Pal, Aarav kumar","Anish Biswas","Arka Halder","Vishnu kumar","Titli Pal","Aarav kumar","","2409:40e0:102e:957b:8000::","Mobile (Android 10 • Chrome 151) [360x785]","Reliance Jio Infocomm Limited","Kolkata, West Bengal, India","9/23/2026, 11:55:19 PM"
"Slot #39","IN8-2026-SLOT39","Checked In","9/30/2026, 1:25:26 PM","IN8-2026-298249","The Infinite Loop","Approved","6","Software","Diganta Mandal","9330250245","digantamandal106@gmail.com","Non-Veg","Day Scholar","6","0","6","Swastika Brahma, Ashranu Mondal, Anubhab Naskar, Srijon Ghorui, Surya kunti","Swastika Brahma","Ashranu Mondal","Anubhab Naskar","Srijon Ghorui","Surya kunti","","2402:3a80:42fc:f577:ed0c:1648:8459:7d1e","Desktop (Windows 10/11 • Chrome 153) [1536x864]","Vodafone Idea Ltd. VIL","Kolkata, West Bengal, India","9/23/2026, 11:50:53 PM"
"Slot #38","IN8-2026-SLOT38","Pending","N/A","IN8-2026-016068","BYTE ME","Rejected","5","Software","Ritik Kumar Prasad","8910504656","rkpro963@gmail.com","Non-Veg","Day Scholar","5","0","5","Vivek Kumar Bind, Prince Kumar Yadav, Abhisek Yadav, Rajveer Singh","Vivek Kumar Bind","Prince Kumar Yadav","Abhisek Yadav","Rajveer Singh","","","2409:40e0:15:154d:8000::","Mobile (Android 10 • Chrome 151) [437x967]","Reliance Jio Infocomm Limited","Kolkata, West Bengal, India","9/23/2026, 9:38:41 PM"
"Slot #37","IN8-2026-SLOT37","Checked In","9/30/2026, 1:25:17 PM","IN8-2026-169624","Apex Optimizers","Approved","5","Software","Adrish Mazumdar","9903407885","adrishmazumdar72@gmail.com","Non-Veg","Day Scholar","5","0","5","Rupam Bera, Shiv Shankar Pal, Arindam Mondal, Dhrubojit Purkait","Rupam Bera","Shiv Shankar Pal","Arindam Mondal","Dhrubojit Purkait","","","2409:40e0:1a:6f96:8000::","Mobile (Android 10 • Chrome 151) [360x785]","Reliance Jio Infocomm Limited","Kolkata, West Bengal, India","9/23/2026, 7:22:22 PM"
"Slot #36","IN8-2026-SLOT36","Checked In","9/30/2026, 1:25:18 PM","IN8-2026-296163","Matrix","Approved","5","Software","Disha Jha","7439849886","dishajha980@gmail.com","Non-Veg","Day Scholar","5","1","4","Safreen Rahaman, Avnish Dubey, Mohit Jawalia, Debangan Sarkar","Safreen Rahaman","Avnish Dubey","Mohit Jawalia","Debangan Sarkar","","","2409:40e0:102f:5d2c:3da0:c5bb:542b:5fb8","Mobile (macOS • Chrome 146) [390x844]","Reliance Jio Infocomm Limited","Kolkata, West Bengal, India","9/23/2026, 6:20:43 PM"
"Slot #35","IN8-2026-SLOT35","Pending","N/A","IN8-2026-195331","BINARY BEAST","Rejected","6","Software","Souvik Ghorui","9239462172","ghoruisouvik02@gmail.com","Non-Veg","Day Scholar","6","0","6","Ujjwal Das, Sohel Sk, Arkaprabha Pahari, Sakti Prasad Bera, SUBHADIP DAS","Ujjwal Das","Sohel Sk","Arkaprabha Pahari","Sakti Prasad Bera","SUBHADIP DAS","","2401:4900:b7bd:8a02:a446:f4ff:feaf:a688","Mobile (Android 10 • Chrome 153) [360x793]","Bharti Airtel Limited","Bolpur, West Bengal, India","9/23/2026, 5:49:13 PM"
"Slot #34","IN8-2026-SLOT34","Checked In","9/30/2026, 1:25:19 PM","IN8-2026-087815","TechTitans","Approved","6","Software","Jit Baidya","8327020709","jitbaidya333@gmail.com","Non-Veg","Hosteller","2","0","2","ARAMIT KOLA, ABIRA CHATTERJEE, SOUMALYA GHOSH, SUDESHNA BERA, SAGAR DAS","ARAMIT KOLA","ABIRA CHATTERJEE","SOUMALYA GHOSH","SUDESHNA BERA","SAGAR DAS","","2401:4900:b6da:a20f:8c81:6cff:fe9d:184f","Mobile (Android 10 • Chrome 153) [420x934]","Bharti Airtel Limited","Kolkata, West Bengal, India","9/23/2026, 1:22:12 PM"
"Slot #33","IN8-2026-SLOT33","Checked In","9/30/2026, 1:25:21 PM","IN8-2026-274668","The Axiom","Approved","6","Software","Amberin Hussain","+91 82608 78284","amberinhussain70@gmail.com","Non-Veg","Hosteller","3","0","3","Ayush Kumar Sinha, MD Aayaan Shamsher, Mohammad Zahiruddin, Ishan Hossain Sepoy, Gopal Laha","Ayush Kumar Sinha","MD Aayaan Shamsher","Mohammad Zahiruddin","Ishan Hossain Sepoy","Gopal Laha","","2409:40e0:1021:c4d:8000::","Mobile (Android 10 • Chrome 152) [360x820]","Reliance Jio Infocomm Limited","Kolkata, West Bengal, India","9/23/2026, 1:21:03 PM"
"Slot #32","IN8-2026-SLOT32","Checked In","9/30/2026, 1:25:22 PM","IN8-2026-984640","GREEN FIELD","Approved","6","Software","SUMAN PAL","8697282287","sumanpal557755@gmail.com","Non-Veg","Day Scholar","6","0","6","SAPTARSHI NATH, SK SADIK MOHAMMAD, BONI BHATTACHARJEE, BUDDHADEB GHORAI, PRITHA DAS","SAPTARSHI NATH","SK SADIK MOHAMMAD","BONI BHATTACHARJEE","BUDDHADEB GHORAI","PRITHA DAS","","2402:3a80:430c:1014:8457:f7e3:db64:46f8","Desktop (Windows 10/11 • Edge 153) [1366x768]","Vodafone Idea Ltd. VIL","Kolkata, West Bengal, India","9/23/2026, 7:34:14 AM"
"Slot #31","IN8-2026-SLOT31","Checked In","9/30/2026, 1:25:15 PM","IN8-2026-961931","The Interpreters","Approved","6","Software","Suvro Kayal","9123807075","suvrokayal2005@gmail.com","Non-Veg","Day Scholar","4","0","4","Shraddha Singh, Kakoli Mandal, Saptarshi Mondal, Soham Banerjee, Sreyan Mandal","Shraddha Singh","Kakoli Mandal","Saptarshi Mondal","Soham Banerjee","Sreyan Mandal","","2409:40e0:1026:be8b:8000::","Mobile (Android 10 • Samsung Internet 30) [384x832]","Reliance Jio Infocomm Limited","Kolkata, West Bengal, India","9/22/2026, 10:59:00 PM"
"Slot #30","IN8-2026-SLOT30","Checked In","9/30/2026, 1:25:14 PM","IN8-2026-683238","CodeNova","Approved","5","Software","Avirup Ghosh","7003057783","avirupghosh008@gmail.com","Non-Veg","Day Scholar","4","0","4","MD Razi Haider, MD Shahbaz, Syed Raafay, Dibendu singha","MD Razi Haider","MD Shahbaz","Syed Raafay","Dibendu singha","","","2409:40e0:5b:475f:8000::","Mobile (Android 10 • Chrome 153) [360x812]","Reliance Jio Infocomm Limited","Kolkata, West Bengal, India","9/22/2026, 10:46:57 PM"
"Slot #28","IN8-2026-SLOT28","Checked In","9/30/2026, 1:25:13 PM","IN8-2026-065510","RENIN","Approved","6","Software","SHUBHAM MALLICK","9332874083","shubham.mallick1440@gmail.com","Non-Veg","Hosteller","1","0","1","SUDARSHAN MUKHERJEE, UPASANA SAMANTA, HARSH RAJ, ADARSH KUMAR, SUDARSHAN MAHATO","SUDARSHAN MUKHERJEE","UPASANA SAMANTA","HARSH RAJ","ADARSH KUMAR","SUDARSHAN MAHATO","","103.51.148.52","Desktop (Windows 10/11 • Chrome 153) [1366x768]","Alliance Broadband Services Pvt. Ltd.","Kolkata, West Bengal, India","9/22/2026, 9:38:55 PM"
"Slot #27","IN8-2026-SLOT27","Checked In","9/30/2026, 1:25:12 PM","IN8-2026-983233","8-Bits","Approved","6","Software","Sarnajit Paria","9609306799","sarnajitparia@gmail.com","Non-Veg","Hosteller","3","0","3","Swattik Subhra Chatterjee, Subhajit Dey, Rupam Mandal, Utsav Banik, Shivam Singh","Swattik Subhra Chatterjee","Subhajit Dey","Rupam Mandal","Utsav Banik","Shivam Singh","","2401:4900:b7c6:d8e1:24a3:50ff:feb7:729a","Mobile (Android 16 • Chrome 115) [360x805]","Bharti Airtel Limited","Bishnupur, West Bengal, India","9/22/2026, 9:36:01 PM"
"Slot #26","IN8-2026-SLOT26","Checked In","9/30/2026, 1:25:10 PM","IN8-2026-223494","OPTIVUS ENCODER","Approved","6","Software","PRINCE KUMAR LALL","9163250606","princelall37@gmail.com","Non-Veg","Day Scholar","6","0","6","PRANOB DAS, RAHIT MONDAL, RITAM MANNA, TOUFIQ ALAM, SHREYOSI ROY","PRANOB DAS","RAHIT MONDAL","RITAM MANNA","TOUFIQ ALAM","SHREYOSI ROY","","2401:4900:3bd6:eef6:6410:e7ff:fe1d:416b","Mobile (Android 10 • Chrome 152) [412x915]","Bharti Airtel Limited","Kolkata, West Bengal, India","9/22/2026, 7:25:13 PM"
"Slot #25","IN8-2026-SLOT25","Checked In","9/30/2026, 1:25:08 PM","IN8-2026-782632","Techtide","Approved","6","Software","Anjum khatun","9073851356","anjumkhatun014@gmail.com","Vegetarian","Day Scholar","6","2","4","Md hasan hamid, Shoheb sareng, Sajid ali khan, Ishita maity, Smita ghosh","Md hasan hamid","Shoheb sareng","Sajid ali khan","Ishita maity","Smita ghosh","","2409:40e0:0:9805:10da:2bc1:f01f:46d5","Mobile (macOS • Safari 26) [390x844]","Reliance Jio Infocomm Limited","Kolkata, West Bengal, India","9/22/2026, 6:58:38 PM"
"Slot #23","IN8-2026-SLOT23","Checked In","9/30/2026, 1:25:07 PM","IN8-2026-863997","INNOVATRIXX","Approved","6","Software","Peu Kairy","6289675624","peukary6@gmail.com","Non-Veg","Day Scholar","3","0","3","Sreeparna Mondal, Krishna Prasad, Tapadhir Das, Susanta Pramanik, Ramkrishna Pal","Sreeparna Mondal","Krishna Prasad","Tapadhir Das","Susanta Pramanik","Ramkrishna Pal","","N/A","N/A","N/A","N/A","9/22/2026, 9:23:58 AM"
"Slot #22","IN8-2026-SLOT22","Checked In","9/30/2026, 1:25:06 PM","IN8-2026-406188","Electro Infinity","Approved","6","Hardware","Arnab Dawn","9038664549","arnabdawnxc@gmail.com","Non-Veg","Day Scholar","4","0","4","Aniket Giri, Minsar Ali Mollick, Sakshi Roy, Narayan Sinha, Sarajit Baidya","Aniket Giri","Minsar Ali Mollick","Sakshi Roy","Narayan Sinha","Sarajit Baidya","","N/A","N/A","N/A","N/A","9/22/2026, 7:30:35 AM"
"Slot #21","IN8-2026-SLOT21","Checked In","9/30/2026, 1:25:06 PM","IN8-2026-777352","TheBacklogs","Approved","6","Hardware","Suvam Bapari","8777403744","suvubapari@gmail.com","Non-Veg","Day Scholar","6","0","6","Bidisha Saha, Krishnanu Debnath, Sulagna Poyali, Samridha Roy, Piyali Sarkar","Bidisha Saha","Krishnanu Debnath","Sulagna Poyali","Samridha Roy","Piyali Sarkar","","N/A","N/A","N/A","N/A","9/22/2026, 1:06:18 AM"
"Slot #20","IN8-2026-SLOT20","Checked In","9/30/2026, 12:09:56 PM","IN8-2026-791846","Coderz Mania","Approved","6","Software","Soubhagya Das","7439284135","dassoubhagy64@gmail.com","Non-Veg","Day Scholar","5","1","4","Jit Dhara, Samsun Nahar, Rohan Bar, Anuron Ghosh, Vivek Singh","Jit Dhara","Samsun Nahar","Rohan Bar","Anuron Ghosh","Vivek Singh","","N/A","N/A","N/A","N/A","9/22/2026, 12:46:49 AM"
"Slot #19","IN8-2026-SLOT19","Checked In","9/30/2026, 12:09:24 PM","IN8-2026-803162","ERROR404","Approved","6","Software","MOHAMMAD ALI","7033906569","mohammadali80920@gmail.com","Non-Veg","Hosteller","2","0","2","Sadat Ahmad, Sachi riya, Adnan sadique, Falak fatima, Md aiyaz ahmad","Sadat Ahmad","Sachi riya","Adnan sadique","Falak fatima","Md aiyaz ahmad","","N/A","N/A","N/A","N/A","9/22/2026, 12:39:38 AM"
"Slot #18","IN8-2026-SLOT18","Checked In","9/30/2026, 12:08:44 PM","IN8-2026-182525","OUTLIERS","Approved","6","Software","SUBHADIP MONDAL","9907263404","subhadipmondal9564@gmail.com","Non-Veg","Hosteller","4","0","4","RITIKA SAMANTA, ANIMESH MONDAL, NITESH MISHRA, SUSHMITA MONDAL, BAPINMOY GHOSH","RITIKA SAMANTA","ANIMESH MONDAL","NITESH MISHRA","SUSHMITA MONDAL","BAPINMOY GHOSH","","N/A","N/A","N/A","N/A","9/22/2026, 12:39:03 AM"
"Slot #17","IN8-2026-SLOT17","Checked In","9/30/2026, 12:08:58 PM","IN8-2026-690856","AI Avengers","Approved","6","Software","MUSHKAN SINGH","6291526395","sam497770@gmail.com","Vegetarian","Hosteller","4","0","4","Subhrodip Dey, Sudeb Bag, Ritik Kumar Mishra, Sourav Adhikari, Safikul Haque","Subhrodip Dey","Sudeb Bag","Ritik Kumar Mishra","Sourav Adhikari","Safikul Haque","","N/A","N/A","N/A","N/A","9/21/2026, 11:55:08 PM"
"Slot #16","IN8-2026-SLOT16","Checked In","9/30/2026, 12:09:37 PM","IN8-2026-597639","Team Hackorbit","Approved","6","Software","Sumendha Subhangi Bhuyan","7439267433","sumendha2025@gmail.com","Vegetarian","Day Scholar","3","2","1","Tanushree Das, Mohammad Anas, Abhijeet Biswas, Biswajit Maity, Adarsh Raj Kaushik","Tanushree Das","Mohammad Anas","Abhijeet Biswas","Biswajit Maity","Adarsh Raj Kaushik","","N/A","N/A","N/A","N/A","9/21/2026, 11:54:46 PM"
"Slot #15","IN8-2026-SLOT15","Checked In","9/30/2026, 12:04:47 PM","IN8-2026-761761","Infinity matrix","Approved","5","Software","Rahul Mondal","8240295182","rahulmondal82211@gmail.com","Non-Veg","Day Scholar","4","0","4","Nitika kumari, Khushi Srivastav, Snehangshu patra, SURANJAN MAHAPATRA","Nitika kumari","Khushi Srivastav","Snehangshu patra","SURANJAN MAHAPATRA","","","N/A","N/A","N/A","N/A","9/21/2026, 11:54:08 PM"
"Slot #14","IN8-2026-SLOT14","Checked In","9/30/2026, 12:05:42 PM","IN8-2026-046983","TEAM SPECTER","Approved","6","Software","RUPAM GHOSH","7676675271","rupamghoshchinsurah05@gmail.com","Non-Veg","Hosteller","3","0","3","Apurba Guchait, Shahariat Hossain Molla, Aliva Bhandari, Sudipta Barik, Ranu Bhowmick","Apurba Guchait","Shahariat Hossain Molla","Aliva Bhandari","Sudipta Barik","Ranu Bhowmick","","N/A","N/A","N/A","N/A","9/21/2026, 11:52:31 PM"
"Slot #13","IN8-2026-SLOT13","Checked In","9/30/2026, 12:05:24 PM","IN8-2026-403263","SYNAPSE","Approved","6","Software","Tamal Ghosh","7980570655","tamal4030@gmail.com","Non-Veg","Day Scholar","6","0","6","Oishi Dutta, Sk Nishan, Rupanjana Ghosh, Arnobi Das, Ankita Manna","Oishi Dutta","Sk Nishan","Rupanjana Ghosh","Arnobi Das","Ankita Manna","","N/A","N/A","N/A","N/A","9/21/2026, 11:29:37 PM"
"Slot #11","IN8-2026-SLOT11","Checked In","9/30/2026, 12:04:10 PM","IN8-2026-571561","TROJEN","Approved","6","Software","ABHRADEEP BASU","6290037905","officialabhradeep@gmail.com","Non-Veg","Day Scholar","6","0","6","DIBIT SHA, SUBHANKAR OJHA, SOUMIK JANA, ANSHU RAWANI, SUKANYA PAUL","DIBIT SHA","SUBHANKAR OJHA","SOUMIK JANA","ANSHU RAWANI","SUKANYA PAUL","","N/A","N/A","N/A","N/A","9/21/2026, 9:23:36 PM"
"Slot #10","IN8-2026-SLOT10","Checked In","9/30/2026, 12:07:16 PM","IN8-2026-271698","PARADOX","Approved","6","Software","Ahammed Sohan Reja","7365088377","sohanreja2006@gmail.com","Non-Veg","Hosteller","1","0","1","ABDUS SAMAD SK, HAMADUL ISLAM, AMMAR BIN TAUZIH, MARIA PARVEEN, SK MD NURALAM","ABDUS SAMAD SK","HAMADUL ISLAM","AMMAR BIN TAUZIH","MARIA PARVEEN","SK MD NURALAM","","N/A","N/A","N/A","N/A","9/21/2026, 9:20:43 PM"
"Slot #9","IN8-2026-SLOT09","Checked In","9/30/2026, 12:08:17 PM","IN8-2026-443254","Holy Coders","Approved","6","Software","Shuvom dey","8420894466","deyshuvom10@gmail.com","Non-Veg","Day Scholar","3","2","1","Srijon das, Partha pramanik, Debanwita mandal, Moriyam khatun, Sneha dey","Srijon das","Partha pramanik","Debanwita mandal","Moriyam khatun","Sneha dey","","N/A","N/A","N/A","N/A","9/21/2026, 9:15:04 PM"
"Slot #7","IN8-2026-SLOT07","Checked In","9/30/2026, 12:08:04 PM","IN8-2026-508317","BIHARI BUGS","Approved","6","Software","Shivam ranjan","7488652603","shivamzo268@gmail.com","Non-Veg","Hosteller","0","0","0","Md abu talha, Adarsh shah, Uditya raj, Sankhadeep sahoo, Shishir sagnen tudu","Md abu talha","Adarsh shah","Uditya raj","Sankhadeep sahoo","Shishir sagnen tudu","","N/A","N/A","N/A","N/A","9/21/2026, 9:00:55 PM"
"Slot #6","IN8-2026-SLOT06","Checked In","9/30/2026, 12:07:51 PM","IN8-2026-957790","Quantum Achievers","Approved","6","Software","Pratham Kosuri","9804330392","prathamkosuri@gmail.com","Non-Veg","Day Scholar","5","0","5","Priyam Pal, Ranadip Sasmal, Shounak Das, Nafisa Khan, Sougata Mondal","Priyam Pal","Ranadip Sasmal","Shounak Das","Nafisa Khan","Sougata Mondal","","N/A","N/A","N/A","N/A","9/21/2026, 8:59:39 PM"
"Slot #4","IN8-2026-SLOT04","Checked In","9/30/2026, 12:06:33 PM","IN8-2026-560172","SkillNova","Approved","6","Software","Aditi Kumari","6289516426","aditisingh202412@gmail.com","Vegetarian","Day Scholar","6","1","5","Amit kumar Singh, Bobby kumar sah, Aman Singh, Hrithik keshri, Pankaj kumar","Amit kumar Singh","Bobby kumar sah","Aman Singh","Hrithik keshri","Pankaj kumar","","N/A","N/A","N/A","N/A","9/21/2026, 8:48:06 PM"
"Slot #3","IN8-2026-SLOT03","Checked In","9/30/2026, 12:06:45 PM","IN8-2026-029984","HEKSAA","Approved","6","Software","MOBASSER HUSAIN","9073125875","mobasser456@gmail.com","Non-Veg","Day Scholar","5","0","5","ENA RUSHAN, HUMAYUN PARWEZ, ANURAG SHANKAR SHAW, ALI AFREEN, KUSHAL JHA","ENA RUSHAN","HUMAYUN PARWEZ","ANURAG SHANKAR SHAW","ALI AFREEN","KUSHAL JHA","","N/A","N/A","N/A","N/A","9/21/2026, 8:46:30 PM"
"Slot #2","IN8-2026-SLOT02","Checked In","9/30/2026, 12:05:07 PM","IN8-2026-716741","Meta Minds","Approved","6","Software","DEBADITYA CHATTERJEE","9831412834","debadityachatterjee06@gmail.com","Non-Veg","Day Scholar","5","0","5","PRIYAM DUTTA, SOUMI SARKAR, SHATABDI MAIKAP, TANIA CHAKRABORTY, TRISHA SAMANTA","PRIYAM DUTTA","SOUMI SARKAR","SHATABDI MAIKAP","TANIA CHAKRABORTY","TRISHA SAMANTA","","N/A","N/A","N/A","N/A","9/21/2026, 8:45:25 PM"
"Slot #1","IN8-2026-SLOT01","Pending","N/A","IN8-2026-022929","Neural Knights","Rejected","6","Software","Tanmoy Maiti","7001822095","maititanmoy831@gmai.com","Non-Veg","Day Scholar","6","0","6","Ayan Adhikary, Sushovan Das, Pushpa Purkait, Debadrita Mitra, Swastika Das","Ayan Adhikary","Sushovan Das","Pushpa Purkait","Debadrita Mitra","Swastika Das","","N/A","N/A","N/A","N/A","9/21/2026, 8:37:02 PM"